zip,sector,fullTimeEmployees,longBusinessSummary,city,phone,state,country,website,maxAge,address1,fax,industry,previousClose,regularMarketOpen,twoHundredDayAverage,trailingAnnualDividendYield,payoutRatio,regularMarketDayHigh,averageDailyVolume10Day,regularMarketPreviousClose,fiftyDayAverage,trailingAnnualDividendRate,open,averageVolume10days,dividendRate,exDividendDate,beta,regularMarketDayLow,priceHint,currency,trailingPE,regularMarketVolume,marketCap,averageVolume,priceToSalesTrailing12Months,dayLow,ask,askSize,volume,fiftyTwoWeekHigh,forwardPE,fiveYearAvgDividendYield,fiftyTwoWeekLow,bid,tradeable,dividendYield,bidSize,dayHigh,exchange,shortName,longName,exchangeTimezoneName,exchangeTimezoneShortName,isEsgPopulated,gmtOffSetMilliseconds,quoteType,symbol,messageBoardId,market,enterpriseToRevenue,profitMargins,enterpriseToEbitda,52WeekChange,forwardEps,sharesOutstanding,bookValue,sharesShort,sharesPercentSharesOut,lastFiscalYearEnd,heldPercentInstitutions,netIncomeToCommon,trailingEps,SandP52WeekChange,priceToBook,heldPercentInsiders,nextFiscalYearEnd,mostRecentQuarter,shortRatio,sharesShortPreviousMonthDate,floatShares,enterpriseValue,lastSplitDate,lastSplitFactor,earningsQuarterlyGrowth,dateShortInterest,pegRatio,shortPercentOfFloat,sharesShortPriorMonth,regularMarketPrice
98052,Technology,144000,"Microsoft Corporation develops, licenses, and supports software, services, devices, and solutions worldwide. Its Productivity and Business Processes segment offers Office, Exchange, SharePoint, Microsoft Teams, Office 365 Security and Compliance, and Skype for Business, as well as related Client Access Licenses (CAL); and Skype, Outlook.com, and OneDrive. It also provides LinkedIn that includes Talent and marketing solutions, and subscriptions; and Dynamics 365, a set of cloud-based and on-premises business solutions for small and medium businesses, large organizations, and divisions of enterprises. Its Intelligent Cloud segment licenses SQL and Windows Servers, Visual Studio, System Center, and related CALs; GitHub that provides a collaboration platform and code hosting service for developers; and Azure, a cloud platform. It also provides support services and Microsoft consulting services to assist customers in developing, deploying, and managing Microsoft server and desktop solutions; and training and certification to developers and IT professionals on various Microsoft products. Its More Personal Computing segment offers Windows OEM licensing and other non-volume licensing of the Windows operating system; Windows Commercial, such as volume licensing of the Windows operating system, Windows cloud services, and other Windows commercial offerings; patent licensing; Windows Internet of Things; and MSN advertising. It also provides Microsoft Surface, PC accessories, and other intelligent devices; Gaming, including Xbox hardware, and Xbox software and services; video games and third-party video game royalties; and Search, including Bing and Microsoft advertising. It sells its products through distributors and resellers; and directly through digital marketplaces, online stores, and retail stores. It has strategic partnerships with Humana Inc., Nokia, Telkomsel, Swiss Re, and Kubota Corporation. The company was founded in 1975 and is headquartered in Redmond, Washington.",Redmond,425-882-8080,WA,United States,http://www.microsoft.com,1,One Microsoft Way,425-706-7329,Software—Infrastructure,177.04,179.5,156.41122,0.010957976,0.32930002,180,48338514,177.04,157.29028,1.94,179.5,48338514,2.04,1589932800,0.962017,175.89,2,USD,31.109564,52765625,1.35844E+12,54760364,10.1188135,175.89,177.71,900,52765625,190.7,28.899677,1.97,119.01,177.77,FALSE,0.0115,1000,180,NMS,Microsoft Corporation,Microsoft Corporation,America/New_York,EDT,FALSE,-14400000,EQUITY,MSFT,finmb_21835,us_market,9.68,0.33016,21.211,0.4431157,6.18,7606049792,14.467,58762671,0.0077,1561852800,0.74272,44323000320,5.741,-0.011489093,12.345338,0.01421,1625011200,1577750400,0.8,1582848000,7494998724,1.29949E+12,1045526400,2:01,0.383,1585612800,2.23,0.0077,37031775,179.5
78946,Technology,19361,"Dassault Systèmes SE provides software solutions and services in Europe, Americas, and Asia. The company offers SOLIDWORKS design software for 3D design, electrical and printed circuit board design, product data management, simulation, manufacturing, and technical communication; CATIA, an engineering and design software for product 3D computer-aided design (CAD); GEOVIA, which models and simulates the earth; and BIOVIA that provides the scientific community with advanced biological, chemical, and materials experiences. It also provides SIMULIA delivers realistic simulation applications; DELMIA enables industries and services to collaborate, model, optimize, and perform their operations; 3DVIA that provides 3D space planning solutions for enterprises and consumers; and ENOVIA that offers collaborative technical and business applications. In addition, the company offers Centric PLM, a product lifecycle management software solution; 3DEXCITE software, solutions, and CGI services; EXALEAD that provides information intelligence for the social industry and developer community; NETVIBES dashboard, which enables insights-driven decision-making; and MEDIDATA, power smarter treatments for healthier people. Further, it provides consulting services in methodology for design, deployment, and support; and training and engineering services. The company primarily serves companies in the transportation and mobility; industrial equipment; aerospace and defense; high-tech; life sciences; energy, process, and utilities; consumer goods and retail; architecture, engineering, and construction; consumer packaged goods and retail, and marine and offshore through direct sales force and value-added resellers. Dassault Systèmes SE has a collaborative research agreement with the U.S. Food and Drug Administration. The company was founded in 1981 and is headquartered in Vélizy-Villacoublay, France.",Velizy-Villacoublay,33 1 61 62 61 62,,France,http://www.3ds.com,1,10 rue Marcel Dassault,33 1 70 73 43 63,Software—Application,150.99,151.26,155.69435,0.004477118,0.2811,151.37,23414,150.99,141.76343,0.676,151.26,23414,0.73,1558656000,0.714893,148.83,2,USD,59.09375,14658,39305568256,20988,,148.83,0,0,14658,181.2,45.293415,0.56,113.37,0,FALSE,0.0048,0,151.37,PNK,DASSAULT SYSTEMES,Dassault Systemes SE,America/New_York,EDT,FALSE,-14400000,EQUITY,DASTY,finmb_355361,us_market,,0.15313,,-0.012274802,3.34,258947008,19.366,59472,0,1577750400,0.00256,,2.56,-0.011489093,7.811629,0,1640908800,1577750400,0.23,1221436800,132126857,39336685568,1406073600,2:01,-0.101,1224028800,,,68052,151.26
95002,Technology,61600,"Hewlett Packard Enterprise Company provides solutions that allow customers to capture, analyze, and act upon data from edge to cloud. The company offers industry standard servers for multi-workload computing; mission-critical servers; storage solutions; and solutions for secondary workloads and traditional tape, storage networking, and disk products, such as HPE MSA and HPE XP. It also provides mobility and Internet of Things solutions under the Aruba brand, which include wired and wireless local area network products, such as Wi-Fi access points, switches, routers, and sensors; software products, such as cloud-based management, network management, network access control, analytics and assurance, and location services; and professional and support services, as well as as-a-service and consumption models for the intelligent edge portfolio of products. In addition, the company offers various flexible investment solutions, which comprise leasing, financing, IT consumption, and utility programs and asset management services for customers to facilitate unique technology deployment models and the acquisition of complete IT solutions, including hardware, software, and services from Hewlett Packard Enterprise and others. Further, it invests in communications and media solutions, Hewlett Packard labs, and various business incubation projects. The company serves commercial and large enterprise groups, including business and public sector enterprises; and through various partners comprising resellers, distribution partners, original equipment manufacturers, independent software vendors, systems integrators, and advisory firms. Hewlett Packard Enterprise Company was founded in 1939 and is headquartered in San Jose, California.",San Jose,650-687-5817,CA,United States,http://www.hpe.com,1,6280 America Center Drive,,Communication Equipment,9.32,9.49,14.148189,0.049141634,0.514,9.8,10262585,9.32,10.098857,0.458,9.49,10262585,0.48,1583798400,1.533869,9.47,2,USD,10.88565,8964853,12509780992,11642293,0.43846276,9.47,9.71,3000,8964853,17.59,5.7797623,,7.43,9.68,FALSE,0.0504,4000,9.8,NYQ,Hewlett Packard Enterprise Comp,Hewlett Packard Enterprise Company,America/New_York,EDT,FALSE,-14400000,EQUITY,HPE,finmb_273983758,us_market,0.856,0.04223,4.723,-0.41470766,1.68,1288339968,13.295,28808716,0.0224,1572480000,0.85682,1204999936,0.892,-0.011489093,0.7303498,0.00253,1635638400,1580428800,1.84,1582848000,1285120818,24413798400,1504224000,1289:1000,0.881,1585612800,1.24,0.025799999,43234907,9.49
95134,Technology,75900,"Cisco Systems, Inc. designs, manufactures, and sells Internet Protocol based networking and other products related to the communications and information technology industry in the Americas, Europe, the Middle East, Africa, the Asia Pacific, Japan, and China. It provides infrastructure platforms, including networking technologies of switching, routing, wireless, and data center products that are designed to work together to deliver networking capabilities, and transport and/or store data. The company also offers collaboration products comprising unified communications, Cisco TelePresence, and conferencing, as well as the Internet of Things and analytics software. In addition, it provides security products, such as network security, cloud and email security, identity and access management, advanced threat protection, and unified threat management products; and cloud and system management products. Further, the company offers a range of service and support options for its customers, including technical support and advanced services. It serves businesses of various sizes, public institutions, governments, and service providers. The company sells its products and services directly, as well as through systems integrators, service providers, other resellers, and distributors. Cisco Systems, Inc. was founded in 1984 and is headquartered in San Jose, California.",San Jose,408-526-4000,CA,United States,http://www.cisco.com,1,170 West Tasman Drive,408-853-3683,Communication Equipment,41.5,42.25,44.829132,0.03373494,0.5447,42.63,24007400,41.5,39.112858,1.4,42.25,24007400,1.44,1585785600,1.006548,41.74,2,USD,16.567863,29318690,1.80153E+11,32427443,3.4947155,41.74,42.47,1200,29318690,58.26,13.40063,2.97,32.4,42.25,FALSE,0.0347,1400,42.63,NMS,"Cisco Systems, Inc.","Cisco Systems, Inc.",America/New_York,EDT,FALSE,-14400000,EQUITY,CSCO,finmb_19691,us_market,3.22,0.21443,10.244,-0.24600643,3.17,4240880128,8.378,34790293,0.0082,1564185600,0.74334,11054000128,2.564,-0.011489093,5.070422,0.00044,1627344000,1579910400,0.77,1582848000,4237869136,1.66006E+11,953769600,2:01,0.02,1585612800,2.52,0.0082,37896806,42.25
94903,Technology,10100,"Autodesk, Inc. operates as a design software and services company worldwide. The company offers AutoCAD, a professional design, drafting, detailing, and visualization software; AutoCAD Civil 3D, a surveying, design, analysis, and documentation solution for civil engineering, including land development, transportation, and environmental projects; AutoCAD LT, a professional drafting and detailing software; BIM 360, a construction management cloud-based software; computer-aided manufacturing (CAM) software for computer numeric control machining, inspection, and modelling for manufacturing; Fusion 360, a 3D CAD, CAM, and computer-aided engineering tool; and Industry Collections software products for professionals in architecture, engineering and construction, product design and manufacturing, and media and entertainment industries. It also provides Inventor tools for 3D mechanical design, simulation, analysis, tooling, visualization, and documentation; Maya and 3ds Max software products that offer 3D modeling, animation, effects, rendering, and compositing solutions; and PlanGrid, a cloud-based field collaboration software, which provides general contractors, subcontractors, owners, and architects access to construction information in real-time. In addition, the company offers Revit software for building information modeling; and Shotgun, a cloud-based software for review and production tracking in the media and entertainment industry. Autodesk, Inc. sells its products and services to customers directly, as well as through distributors and resellers. The company was founded in 1982 and is headquartered in San Rafael, California.",San Rafael,415-507-5000,CA,United States,http://www.autodesk.com,1,111 McInnis Parkway,415-507-5100,Software—Application,171,176.08,171.34029,,0,181.99,2411514,171,159.40971,,176.08,2411514,,1111449600,1.61624,173.97,2,USD,188.47917,2357706,39720128512,2422232,12.130877,173.97,191.7,900,2357706,211.58,30.929916,,125.38,180.5,FALSE,,1100,181.99,NMS,"Autodesk, Inc.","Autodesk, Inc.",America/New_York,EDT,FALSE,-14400000,EQUITY,ADSK,finmb_119902,us_market,12.345,0.065510005,86.425,0.0510602,5.85,219520992,-0.634,3878576,0.0177,1580428800,0.97032,214500000,0.96,-0.011489093,,0.00147,1643587200,1580428800,1.15,1582848000,219093358,40421105664,1103587200,2:01,1.037,1585612800,0.5,0.0197,3967100,176.08
1800,Consumer Defensive,291000,"Nestlé S.A., together with its subsidiaries, operates as a food and beverage company. The company operates through Zone Europe, Middle East and North Africa; Zone Americas; Zone Asia, Oceania and sub-Saharan Africa; and Nestlé Waters segments. It offers baby foods under the Cerelac, Gerber, and NaturNes brands; bottled water under the Nestlé Pure Life, Perrier, Poland Spring, and S.Pellegrino brands; cereals under the Fitness, Nesquik, cheerios, and Lion Cereals brands; and chocolate and confectionery products under the KitKat, Nestle L'atelier, Nestle Toll House, Milkybar, Smarties, Quality Street, Aero, Garoto, Orion, and Cailler brands. The company also provides coffee products under the Nescafé original, Nespresso, Nescafé Dolce Gusto, Nescafé, Nescafé Original 3 in 1, Coffee-Mate, Nescafé Gold, and Nescafé Cappuccino brands; culinary, chilled, and frozen foods under the Maggi, Hot Pockets, Stouffer's, Thomy, Jacks, TombStone, Buitoni, DiGiorno, and Lean Cuisine brands; dairy products under the Carnation, Nido, Coffee-Mate, and La Laitière brands; and drinks under the Nesquik, Nestea, and Milo brands. In addition, it offers food service products under the Milo, Nescafé, Maggi, Chef, Nestea, Stouffer's, Chef-Mate, Sjora, Minor's, and Lean Cuisine brand names; healthcare nutrition products under the Boost, Peptamen, Resource, and Nutren Junior brands; ice cream products under the Dreyer's, Mövenpick, Häagen-Dazs, Nestlé Ice Cream, and Extrême brands; and pet care products under the Purina, ONE, Alpo, Felix, Pro Plan, Cat Chow, Fancy Feast, Chef Michael's, Bakers, Friskies, Dog Chow, Beneful, and Gourmet brands. Further, it provides coffee creamers under the Starbucks brand. The company was founded in 1866 and is headquartered in Vevey, Switzerland.",Vevey,41 21 924 21 11,,Switzerland,http://www.nestle.com,1,Avenue Nestle 55,,Packaged Foods,108.47,109.36,106.06471,0.021858579,0.5747,110.54,394900,108.47,102.99771,2.371,109.36,394900,2.76,1587945600,0.296048,108.97,2,USD,41.121914,377774,3.16255E+11,884546,,108.97,0,0,377774,114.87,,2.82,88,0,FALSE,0.0254,0,110.54,PNK,NESTLE SA,Nestle S.A.,America/New_York,EDT,FALSE,-14400000,EQUITY,NSRGY,finmb_31973,us_market,,0.13578,,0.16016042,,2880029952,18.551,,,1577750400,0.02836,,2.674,-0.011489093,5.927443,8.00E-05,1640908800,1577750400,,,2877342196,3.12399E+11,1215043200,25:10:00,0.772,,,,,109.36
97005,Consumer Cyclical,76700,"NIKE, Inc., together with its subsidiaries, designs, develops, markets, and sells athletic footwear, apparel, equipment, and accessories worldwide. The company offers NIKE brand products in six categories, including running, NIKE basketball, the Jordan brand, football, training, and sportswear. It also markets products designed for kids, as well as for other athletic and recreational uses, such as American football, baseball, cricket, golf, lacrosse, skateboarding, tennis, volleyball, walking, wrestling, and other outdoor activities; and apparel with licensed college and professional team and league logos, as well as sells sports apparel. In addition, the company sells a line of performance equipment and accessories comprising bags, socks, sport balls, eyewear, timepieces, digital devices, bats, gloves, protective equipment, and other equipment for sports activities; and various plastic products to other manufacturers. Further, it provides athletic and casual footwear, apparel, and accessories under the Jumpman trademark; casual sneakers, apparel, and accessories under the Converse, Chuck Taylor, All Star, One Star, Star Chevron, and Jack Purcell trademarks; and action sports and youth lifestyle apparel and accessories under the Hurley trademark. Additionally, the company licenses agreements that permit unaffiliated parties to manufacture and sell apparel, digital devices, and applications and other equipment for sports activities under NIKE-owned trademarks. It sells its products to footwear stores; sporting goods stores; athletic specialty stores; department stores; skate, tennis, and golf shops; and other retail accounts through NIKE-owned retail stores, digital platforms, independent distributors, licensees, and sales representatives. The company was formerly known as Blue Ribbon Sports, Inc. and changed its name to NIKE, Inc. in 1971. NIKE, Inc. was founded in 1964 and is headquartered in Beaverton, Oregon.",Beaverton,503 671 6453,OR,United States,http://www.nike.com,1,One Bowerman Drive,,Footwear & Accessories,86.3,89,92.85478,0.010776361,0.3432,90.25,7345428,86.3,81.612854,0.93,89,7345428,0.98,1582848000,0.820563,88.36,2,USD,33.18937,7899772,1.39813E+11,10394166,3.3874292,88.36,90,800,7899772,105.62,32.34173,1.08,60,89.71,FALSE,0.0114,1400,90.25,NYQ,"Nike, Inc.","NIKE, Inc.",America/New_York,EDT,FALSE,-14400000,EQUITY,NKE,finmb_291981,us_market,3.472,0.10462,24.452,0.029189587,2.78,1240019968,5.817,11959061,0.0077,1559260800,0.84726,4318000128,2.709,-0.011489093,15.456422,0.01174,1622419200,1582934400,0.76,1582848000,1225507324,1.43287E+11,1450915200,2:01,-0.231,1585612800,3.3,0.013300001,10526359,89
30301,Consumer Defensive,86200,"The Coca-Cola Company, a beverage company, manufactures, markets, and sells various nonalcoholic beverages worldwide. The company provides sparkling soft drinks; water, enhanced water, and sports drinks; juice, dairy, and plantbased beverages; tea and coffee; and energy drinks. It also offers beverage concentrates and syrups, as well as fountain syrups to fountain retailers, such as restaurants and convenience stores. The company sells its products under the Coca-Cola, Diet Coke/Coca-Cola Light, Coca-Cola Zero Sugar, Fanta, Fresca, Schweppes, Sprite, Thums Up, Aquarius, Ciel, Dasani, glacéau smartwater, glacéau vitaminwater, Ice Dew, I LOHAS, Powerade, Topo Chico, AdeS, Del Valle, fairlife, innocent, Minute Maid, Minute Maid Pulpy, Simply, ZICO, Ayataka, Costa, dogadan, FUZE TEA, Georgia, Gold Peak, HONEST TEA, and Kochakaden brands. It operates through a network of company-owned or controlled bottling and distribution operators, as well as through independent bottling partners, distributors, wholesalers, and retailers. The company was founded in 1886 and is headquartered in Atlanta, Georgia.",Atlanta,404 676 2121,GA,United States,http://www.coca-colacompany.com,1,One Coca-Cola Plaza,,Beverages—Non-Alcoholic,47.1,48.3,53.24594,0.033970278,0.7729,48.3,18543114,47.1,47.44743,1.6,48.3,18543114,1.64,1584057600,0.603798,47.37,2,USD,23.217392,19097703,2.06341E+11,20866230,5.536972,47.37,48.1,3100,19097703,60.13,21.64865,3.19,36.27,48,FALSE,0.0348,2200,48.3,NYQ,Coca-Cola Company (The),The Coca-Cola Company,America/New_York,EDT,FALSE,-14400000,EQUITY,KO,finmb_26642,us_market,6.475,0.23936,20.125,0.013924003,2.22,4293400064,4.435,28535432,0.0066,1577750400,0.70734,8920000512,2.07,-0.011489093,10.836528,0.00696,1640908800,1577750400,0.91,1582848000,4256425789,2.41299E+11,1344816000,2:01,1.347,1585612800,5.14,0.0067,34548949,48.3
91074,Consumer Cyclical,53218,"adidas AG, together with its subsidiaries, designs, develops, produces, and markets athletic and sports lifestyle products worldwide. The company operates in 10 segments: Europe, North America Adidas, North America Reebok, Asia-Pacific, Russia/CIS, Latin America, Emerging Markets, Adidas Golf, Runtastic, and Other Centrally Managed Businesses. It offers footwear; apparel; and hardware, such as bags, balls, and fitness equipment under the adidas and Reebok brands. The company is also involved in the operation of Runtastic, a digital health and fitness space; and Y-3 label business activities. It sells its products through approximately 2,500 own-retail stores; 15,000 mono-branded franchise stores; and 150,000 wholesale doors, as well as its e-commerce channel. The company was formerly known as adidas-Salomon AG and changed its name to adidas AG in June 2006. adidas AG was founded in 1920 and is headquartered in Herzogenaurach, Germany.",Herzogenaurach,49 91 32 84 0,,Germany,http://www.adidas-group.com,1,Adi-Dassler-Strasse 1,49 91 32 84 22 41,Footwear & Accessories,115.17,119.47,146.42479,0.026300253,0.34849998,120,65171,115.17,114.88371,3.029,119.47,65171,1.88,1557446400,0.881458,117.96,2,USD,26.9451,73220,47130357760,111114,,117.96,0,0,73220,176.36,10.685664,1.33,87.65,0,FALSE,0.0163,0,120,PNK,ADIDAS AG,adidas AG,America/New_York,EDT,FALSE,-14400000,EQUITY,ADDYY,finmb_92816,us_market,,0.08359,,-0.083619654,11.23,391939008,18.879,,,1577750400,0.00157,,4.4535,-0.011489093,6.356269,0,1640908800,1577750400,,,344721910,47032651776,1150156800,4:01,0.546,,1.9,,,119.47
,,,,,,,,,1,,,,82.26,82.98,76.11784,,,86.06,99072,82.26,77.92333,,82.98,99072,,,,82.98,2,EUR,,10131,,154784,,82.98,86.04,0,10131,93.0427,,,60.32,83.9,FALSE,,0,86.06,IOB,UCB SA UCB ORD SHS,,Europe/London,BST,FALSE,3600000,EQUITY,0NZT.IL,,gb_market,,,,,,,,,,,,,,,,,,,,,,,,,,,,,,82.98
92614,Healthcare,13900,"Edwards Lifesciences Corporation provides products and technologies for structural heart disease, and critical care and surgical monitoring in the United States and internationally. It offers transcatheter heart valve replacement products for the minimally invasive replacement of heart valves; and transcatheter heart valve repair and replacement products to treat mitral and tricuspid valve diseases. The company also provides surgical heart valve therapy products, such as pericardial valves for aortic and mitral surgical valve replacement; aortic heart valves; annuloplasty rings; cardiac cannula devices; beating heart mitral valve repair system for the treatment of degenerative mitral valve diseases, as well as various procedure-enabling platforms to advance minimally invasive surgery. In addition, it offers critical care products, such as hemodynamic monitoring systems to measure a patient's heart function and fluid status in surgical and intensive care settings; pulmonary artery catheters; arterial pressure monitoring products oximetry central venous catheters, as well as monitoring platforms that display a patient's physiological information; and Acumen Hypotension Prediction Index, which alerts clinicians in advance of a patient developing low blood pressure. The company distributes its products through direct sales force and independent distributors. Edwards Lifesciences Corporation was founded in 1958 and is headquartered in Irvine, California.",Irvine,949 250 2500,CA,United States,http://www.edwards.com,1,One Edwards Way,949 250 2525,Medical Devices,217.52,223.57,223.54326,,0,228.68,1373442,217.52,195.51057,,223.57,1373442,,,0.812049,221.34,2,USD,46.33063,1930835,47765786624,1840619,10.985691,221.34,228.55,1100,1930835,247.64,34.45098,,154.52,226,FALSE,,800,228.68,NYQ,Edwards Lifesciences Corporatio,Edwards Lifesciences Corporation,America/New_York,EDT,FALSE,-14400000,EQUITY,EW,finmb_411220,us_market,10.793,0.24078,35.289,0.2812587,6.63,208570000,19.839,3048383,0.0147,1577750400,0,1046899968,4.93,-0.011489093,11.513181,0.00429,1640908800,1577750400,1.32,1582848000,207572980,46927589376,1450051200,2:01,39.029,1585612800,3.4,0.0148,2159196,223.57
45202,Consumer Defensive,97000,"The Procter & Gamble Company provides branded consumer packaged goods to consumers in North and Latin America, Europe, the Asia Pacific, Greater China, India, the Middle East, and Africa. It operates in five segments: Beauty; Grooming; Health Care; Fabric & Home Care; and Baby, Feminine & Family Care. The Beauty segment offers conditioners, shampoos, styling aids, and treatments; and antiperspirants and deodorants, and personal cleansing and skin care products under the Head & Shoulders, Herbal Essences, Pantene, Rejoice, Olay, Old Spice, Safeguard, SK-II, and Secret brands. The Grooming segment provides female and male blades and razors, pre- and post-shave products, and other shave care products; and appliances that include electric shavers and epilators under the Braun, Gillette, and Venus brands. The Health Care segment offers toothbrushes, toothpaste, and other oral care products; and gastrointestinal, rapid diagnostics, respiratory, vitamins/minerals/supplements, pain relief, and other personal health care products under the Crest, Oral-B, Metamucil, Neurobion, Pepto Bismol, and Vicks brands. The Fabric & Home Care segment provides fabric enhancers, laundry additives, and laundry detergents; and air care, dish care, P&G professional, and surface care products under the Ariel, Downy, Gain, Tide, Cascade, Dawn, Fairy, Febreze, Mr. Clean, and Swiffer brands. The Baby, Feminine & Family Care segment baby wipes, taped diapers, and pants; adult incontinence and feminine care products; and paper towels, tissues, and toilet papers under the Luvs, Pampers Always, Always Discreet, Tampax Bounty, Charmin, and Puffs brands. The company sells its products through mass merchandisers, e-commerce, grocery stores, membership club stores, drug stores, department stores, distributors, wholesalers, baby stores, specialty beauty stores, high-frequency stores, and pharmacies. The Procter & Gamble Company was founded in 1837 and is headquartered in Cincinnati, Ohio.",Cincinnati,513-983-1100,OH,United States,http://www.pginvestor.com,1,One Procter & Gamble Plaza,,Household & Personal Products,121.5,122.45,120.83616,0.024559671,1.6789,124.99,12256128,121.5,113.94914,2.984,122.45,12256128,3.16,1587600000,0.394891,120.54,2,USD,67.0737,14583374,3.07916E+11,11425391,4.3771605,120.54,124.8,900,14583374,128.09,23.932821,3.09,94.34,124.3,FALSE,0.025999999,800,124.99,NYQ,Procter & Gamble Company (The),The Procter & Gamble Company,America/New_York,EDT,FALSE,-14400000,EQUITY,PG,finmb_33328,us_market,4.701,0.070879996,17.466,0.1762098,5.21,2469449984,18.558,20153201,0.0082,1561852800,0.65624,4789000192,1.859,-0.011489093,6.718935,0.0011,1625011200,1585612800,1.29,1582848000,2472777816,3.30672E+11,1087776000,2:01,0.063,1585612800,3.09,0.0082,21136526,122.45
75716,Financial Services,5353,"CNP Assurances SA provides personal insurance and reinsurance products in France, Latin America, and other European countries. It offers life, accident, long term care, death and funerals, disability, unemployment, property and casualty, loss of income, and health insurance products; term creditor insurance products, including home and business loans, and consumer finance; solutions in the area of guarantees for real estate loans in private market; and pension plans and annuities, as well as support and assistance services. The company was founded in 1850 and is headquartered in Paris, France.",Paris,33 1 42 18 88 88,,France,http://www.cnp.fr,1,"4, Place Raoul Dautry",,Insurance—Life,7.785,8.19,15.477951,0.120745026,0.4483,8.24,1344010,7.785,9.555972,0.94,8.19,1344010,0.89,1587600000,1.300911,7.63,2,EUR,4.0554156,5634213,5523209728,967654,0.113709696,7.63,0,0,5634213,21.7,4.0862947,4.84,5.3,0,FALSE,0.114300005,0,8.24,PAR,CNP ASSURANCES,CNP Assurances SA,Europe/Paris,CEST,FALSE,7200000,EQUITY,CNP.PA,finmb_4493018,fr_market,-1.463,0.029059999,-24.899,-0.6227741,1.97,686113024,28.265,,,1577750400,,1362099968,1.985,-0.011489093,0.28480455,,1640908800,1577750400,,,141298062,-71060889600,1278374400,4:01,0.032,,,,,8.19
1092,Financial Services,22006,"Danske Bank A/S provides various banking products and services to small and medium-sized businesses; and corporate, institutional, and personal customers. It operates through Banking DK, Banking Nordic, Corporates and Institutions, Wealth Management, and Northern Ireland segments. The company offers daily banking, home financing, investment, and retirement planning solutions; strategic advisory services; leasing solutions; and financing, financial market, general banking, and corporate finance advisory services, as well as financial solutions and products in the areas of capital markets, fixed income and currencies, and transaction banking and investor services. It also provides wealth and asset management, pension savings, and insurance solutions covering life, health, and accident; and mobile banking services. In addition, the company provides mortgage finance and real-estate brokerage, as well as trades in fixed income products, foreign exchange, and equities. It has operations in Denmark, Finland, Sweden, Norway, the United Kingdom, Ireland, Estonia, Latvia, Lithuania, Luxembourg, Russia, Germany, Poland, the United States, India, and China. Danske Bank A/S was founded in 1871 and is headquartered in Copenhagen, Denmark.",Copenhagen,45 33 44 00 00,,Denmark,http://www.danskebank.com,1,Holmens Kanal 2-12,,Banks—Regional,69.72,71.78,97.314095,0.121916234,0.48220003,73.58,2984533,69.72,80.13389,8.5,71.78,2984533,,1584489600,0.790881,71.22,2,DKK,4.402395,5755424,62764392448,4284528,1.3531766,71.22,73.32,0,5755424,130.8,3.6852126,5.14,68.04,73.52,FALSE,,0,73.58,CPH,Danske Bank A/S,Danske Bank A/S,Europe/Copenhagen,CEST,FALSE,7200000,EQUITY,DANSKE.CO,finmb_558679,dk_market,20.829,0.32494998,,-0.42963535,19.95,853820032,183.05,,,1577750400,,14286000128,16.7,-0.011489093,0.40163887,,1640908800,1577750400,,,671601120,9.661E+11,,,0.443,,,,,71.78
53204,Industrials,23000,"Rockwell Automation, Inc. provides industrial automation and digital transformation solutions. It operates in two segments, Architecture & Software, and Control Products & Solutions. The Architecture & Software segment offers a portfolio of automation and information platforms, including hardware and software. Its products include programmable automation controllers; design, visualization, and simulation software; and human machine interface products, networking products, industrial computers, sensing devices, machine safety devices, motion control products, and independent cart technology products. This segment also offers manufacturing execution systems and analytics software to enhance operational productivity and meet regulatory requirements. The Control Products & Solutions segment offers low and medium voltage electro-mechanical and electronic motor starters, AC/DC variable frequency drives, motor control and circuit protection devices, operator and signaling devices, termination and protection devices, relays and timers, and electrical control accessories. This segment also provides pre-configured line and load power solutions, packaged drives, motor control centers, and intelligent packaged power and engineered to order automation equipment solutions; and professional lifecycle services, such as safety, security, and digital transformation consulting, as well as automation and information project delivery capabilities, plant network, cloud, cybersecurity, asset management and predictive analytics, and remote, on-site, and managed support services. It primarily serves a range of industries, which include the automotive, semiconductor, and warehousing and logistics; food and beverage, and life sciences; and oil and gas, metals, and chemicals through independent distributors and direct sales force worldwide. Rockwell Automation, Inc. was founded in 1903 and is headquartered in Milwaukee, Wisconsin.",Milwaukee,414 382 2000,WI,United States,http://www.rockwellautomation.com,1,1201 South 2nd Street,,Specialty Industrial Machinery,158.95,165.45,182.99615,0.024724757,0.50189996,170.4,928371,158.95,158.38057,3.93,165.45,928371,4.08,1589500800,1.381139,164.91,2,USD,21.509314,1061196,19587461120,1229166,2.9074457,164.91,168.05,1100,1061196,209.61,20.968904,2.14,115.38,154,FALSE,0.0257,1000,170.4,NYQ,"Rockwell Automation, Inc.","Rockwell Automation, Inc.",America/New_York,EDT,FALSE,-14400000,EQUITY,ROK,finmb_300504,us_market,3.207,0.13748,14.842,-0.1096853,8.04,116184000,6.171,2847245,0.024500001,1569801600,0.77778,925299968,7.838,-0.011489093,27.319721,0.00669,1632960000,1577750400,1.59,1582848000,115321567,21602201600,545356800,2:01,2.869,1585612800,5.46,0.024600001,2101562,165.45
M5J 2J5,Financial Services,82491,"Royal Bank of Canada operates as a diversified financial service company worldwide. The company's Personal & Commercial Banking segment offers check and savings accounts, credit cards, mortgages, loans, investment products, payments, international trade, and business advice services. This segment offers financial products and services through branches, automated teller machines, and mobile sales network. Its Wealth Management provides a suite of advice-based solutions and strategies. The company's Insurance segment offers life, health, home, auto, travel, wealth, annuities, and reinsurance advice and solutions; and creditor and business insurance services to individual, business, and group clients through its field sales force, advice centers, and online, as well as through independent insurance advisors and affinity relationships. Its Investor & Treasury Services segment provides asset, cash management, transaction banking, and treasury services to institutional clients; correspondent banking and trade finance services for financial institutions; and short-term funding and liquidity management services. The company's Capital Markets segment offers corporate and investment banking, as well as equity and debt origination, distribution, sale, and trading services for corporations, institutional investors, asset managers, governments, and central banks. The company was founded in 1864 and is headquartered in Toronto, Canada.",Toronto,888-212-5533,ON,Canada,http://www.rbc.com,1,Royal Bank Canada,,Banks—Diversified,58.97,61.42,75.98123,0.048058335,0.46,62.44,1457528,58.97,62.686573,2.834,61.42,1457528,3.26,1587513600,0.863787,60.58,2,USD,9.915687,1518411,89117564928,1671506,,60.58,62.39,1000,1518411,82.74,8.981268,3.87,49.55,62.38,FALSE,0.0552,1300,62.44,NYQ,Royal Bank Of Canada,Royal Bank of Canada,America/New_York,EDT,FALSE,-14400000,EQUITY,RY,finmb_109809,us_market,,0.29011,,-0.22262406,6.94,1423970048,38.428,7080950,0.005,1572480000,0.48386002,,6.286,-0.011489093,1.6219944,9.00E-05,1635638400,1580428800,2.74,1582848000,1422565515,88677376000,1144368000,2:01,0.105,1585612800,2.72,,4738309,61.42
10055,Financial Services,16200,"BlackRock, Inc. is a publicly owned investment manager. The firm primarily provides its services to institutional, intermediary, and individual investors including corporate, public, union, and industry pension plans, insurance companies, third-party mutual funds, endowments, public institutions, governments, foundations, charities, sovereign wealth funds, corporations, official institutions, and banks. It also provides global risk management and advisory services. The firm manages separate client-focused equity, fixed income, and balanced portfolios. It also launches and manages open-end and closed-end mutual funds, offshore funds, unit trusts, and alternative investment vehicles including structured funds. The firm launches equity, fixed income, balanced, and real estate mutual funds. It also launches equity, fixed income, balanced, currency, commodity, and multi-asset exchange traded funds. The firm also launches and manages hedge funds. It invests in the public equity, fixed income, real estate, currency, commodity, and alternative markets across the globe. The firm primarily invests in growth and value stocks of small-cap, mid-cap, SMID-cap, large-cap, and multi-cap companies. It also invests in dividend-paying equity securities. The firm invests in investment grade municipal securities, government securities including securities issued or guaranteed by a government or a government agency or instrumentality, corporate bonds, and asset-backed and mortgage-backed securities. It employs fundamental and quantitative analysis with a focus on bottom-up and top-down approach to make its investments. The firm employs liquidity, asset allocation, balanced, real estate, and alternative strategies to make its investments. In real estate sector, it seeks to invest in Poland and Germany. The firm benchmarks the performance of its portfolios against various S&P, Russell, Barclays, MSCI, Citigroup, and Merrill Lynch indices. BlackRock, Inc. was founded in 1988 and is based in New York City with additional offices in Boston, Massachusetts; London, United Kingdom; Gurgaon, India; Hong Kong; Greenwich, Connecticut; Princeton, New Jersey; Edinburgh, United Kingdom; Sydney, Australia; Taipei, Taiwan; Singapore; Sao Paulo, Brazil; Philadelphia, Pennsylvania; Washington, District of Columbia; Toronto, Canada; Wilmington, Delaware; and San Francisco, California.",New York,212-810-5300,NY,United States,http://www.blackrock.com,1,55 East 52nd Street,,Asset Management,458.99,476.32,480.2216,0.029477766,0.4643,484.69,787514,458.99,430.57858,13.53,476.32,787514,14.52,1583280000,1.32089,469.35,2,USD,17.673634,956887,74024050688,1004832,4.967057,469.35,479,1000,956887,576.81,16.63887,2.48,323.98,470,FALSE,0.031600002,1000,484.69,NYQ,"BlackRock, Inc.","BlackRock, Inc.",America/New_York,EDT,FALSE,-14400000,EQUITY,BLK,finmb_403413,us_market,4.917,0.28377,13.345,0.027692795,28.66,154263008,216.155,1452277,0.0093,1577750400,0.85204005,4228999936,26.982,-0.011489093,2.2061484,0.034089997,1640908800,1585612800,0.99,1582848000,118073028,73282895872,1181001600,1:01,-0.235,1585612800,9.7,0.012300001,1334796,476.32
E14 5HP,Financial Services,80800,"Barclays PLC, through its subsidiaries, provides various financial products and services in the United Kingdom, other European countries, the Americas, Africa, the Middle East, and Asia. The company operates through Barclays UK and Barclays International divisions. It offers financial services, such as retail banking, credit cards, wholesale banking, investment banking, wealth management, and investment management services. The company also engages in securities dealing activities; and issues credit cards. The company was formerly known as Barclays Bank Limited and changed its name to Barclays PLC in January 1985. Barclays PLC was founded in 1690 and is headquartered in London, the United Kingdom.",London,44 20 7116 1000,,United Kingdom,http://www.home.barclays,1,1 Churchill Place,,Banks—Diversified,4.3,4.52,7.8568115,0.01372093,0.48740003,4.57,5754171,4.3,5.0571427,0.059,4.52,5754171,,1582761600,1.181762,4.4314,4,USD,40.625,5510852,19994886144,6620745,,4.4314,4.58,29200,5510852,10.22,4.099099,2.95,3.41,4.46,FALSE,,42300,4.57,NYQ,Barclays PLC,Barclays PLC,America/New_York,EDT,FALSE,-14400000,EQUITY,BCS,finmb_323899,us_market,,0.16594,,-0.47701144,1.11,4333040128,19.564,5024114,0.0012,1577750400,0.022349998,,0.112,-0.011489093,0.23257005,0,1640908800,1577750400,0.53,1582848000,3949241896,19688873984,1392768000,74:73,3.009,1585612800,,,7982950,4.52
92117,Consumer Defensive,87974,"L'Oréal S.A., through its subsidiaries, manufactures and sells cosmetic products for women and men worldwide. The company operates through four divisions: Consumer Products, L'oréal Luxe, Professional Products, and Active Cosmetics. It offers shampoos, hair care products, shower gels, skin care products, cleansers, hair colors, styling products, deodorants, sun care products, make-up, perfumes, etc. The company provides its products under the L'Oréal Paris, Garnier, Maybelline New York, NYX Professional Makeup Professional Makeup, Essie, Niely, Dark and Lovely, Lancôme, Yves Saint Laurent Beauté, Giorgio Armani Beauty, Kiehl's, Urban Decay, Biotherm, Ralph Lauren, IT Cosmetics, L'Oréal Professionnel, Kérastase, Redken, Matrix, Biolage, Pureology, Decléor, Carita, Vichy, La Roche-Posay, SkinCeuticals, and Roger&Gallet brands. It sells its products through distribution channels, such as hair salons, mass-market retail channels, perfumeries, department stores, pharmacies, drugstores, medispas, branded retail, travel retail, and e-commerce. The company was founded in 1909 and is headquartered in Clichy, France.",Clichy,33 1 47 56 70 00,,France,http://www.loreal.com,1,"41, rue Martre",33 1 47 56 86 42,Household & Personal Products,244.5,256.2,253.45277,0.017382413,0.5781,256.8,475082,244.5,238.625,4.25,256.2,475082,3.85,1588032000,0.4231,244.5,2,EUR,37.177177,876933,1.38258E+11,844922,4.6281037,244.5,0,0,876933,278.5,32.536137,1.71,196,0,FALSE,0.015700001,0,256.8,PAR,L'OREAL,L'Oreal S.A.,Europe/Paris,CEST,FALSE,7200000,EQUITY,OR.PA,finmb_874249,fr_market,4.545,0.12553,20.517,0.018092155,7.61,558393024,52.712,,,1577750400,,3750000128,6.66,-0.011489093,4.6972227,,1640908800,1577750400,,,233359966,1.35774E+11,1495152000,2:01,-0.122,,,,,256.2
75380,Communication Services,43900,"Vivendi SA operates as a content media and communication company in France, rest of Europe, the Americas, Asia/Oceania, and Africa. It operates through Universal Music Group, Canal+ Group, Havas Group, Editis, Gameloft, Vivendi Village, and New Initiatives segments. The Universal Music Group segment engages in the sale of digital and physical recorded music; and exploitation of music publishing rights, as well as provision of artist and merchandising services. The Canal+ Group segment publishes and distributes premium and thematic pay-TV and free-to-air channels; and produces, sells, and distributes movies and TV series. The Havas Group segment includes communications disciplines, such as creativity, media expertise, and healthcare/wellness. The Editis segment engages in the publishing of literature, educational, and reference books, as well as selling and distribution of books. The Gameloft segment engages in the creation and publishing of downloadable video games for mobile phones, tablets, triple-play boxes, and smart TVs. The Vivendi Village segment provides ticketing services and live performances through Olympia production, festival production, and venues. The New Initiatives segment operates Dailymotion, a video content aggregation and distribution platform, as well as develops ultra-high-speed Internet service. The company was formerly known as Vivendi Universal S.A. and changed its name to Vivendi SA in April 2006. Vivendi SA was founded in 1853 and is headquartered in Paris, France.",Paris,33 1 71 71 10 00,,France,http://www.vivendi.com,1,42 avenue de Friedland,33 1 71 71 10 01,Broadcasting,21.12,22.29,26.335796,0.024810605,0.39400002,22.41,227785,21.12,22.300285,0.524,22.29,227785,0.65,1587427200,0.716717,22.07,2,USD,20.347895,167522,25793304576,224454,,22.07,0,0,167522,29.42,36.426064,5.57,18.85,0,FALSE,0.0307,0,22.41,PNK,VIVENDI SA,Vivendi SA,America/New_York,EDT,FALSE,-14400000,EQUITY,VIVHY,finmb_120343,us_market,,0.09957,,-0.235901,0.61,1148400000,15.788,,,1577750400,0.00229,,1.092,-0.011489093,1.4073917,0,1640908800,1577750400,,,812905809,26010058752,1337126400,31:30:00,,,,,,22.29
1360,Communication Services,20000,"Telenor ASA, together with its subsidiaries, operates as a telecommunication company worldwide. Its principal products and services include mobile communication, fixed line communication, and broadcasting services. The company's mobile communication services comprise voice, data, Internet, and content services, as well as customer equipment and messaging. Its fixed line services consist of telephony, Internet and TV, and leased lines, as well as data and managed services; and broadcast services include DTH, and broadcasting and data communication services through satellite, and terrestrial radio and TV transmission. The company also provides wholesale services that enable the operators to route international voice, messaging, data, and signaling traffic through a single connection to a global network, as well as handles international roaming relationships. In addition, it offers digital services, such as international communication services and machine to machine communication, as well as Internet based services, digital media advertising, and financial services. Further, the company sells mobile devices; and leases base station sites and equipment. Telenor ASA was founded in 1855 and is headquartered in Fornebu, Norway.",Fornebu,47 67 89 00 00,,Norway,http://www.telenor.com,1,Snaroyveien 30,,Telecom Services,160.95,163,162.55486,0.054054055,1.4213,163.65,1490604,160.95,151.53334,8.7,163,1490604,8.6,1589241600,0.331914,160.5,2,NOK,29.96109,2869268,2.30044E+11,2194562,2.0238605,160.5,162.2,301900,2869268,190.8,16.17,4.77,130.75,162.1,FALSE,0.053400002,230500,163.65,OSL,TELENOR ASA,Telenor ASA,Europe/Oslo,CEST,FALSE,7200000,EQUITY,TEL.OL,finmb_658535,no_market,3.182,0.06838,8.854,-0.06233692,10,1422659968,26.748,,,1577750400,,8514999808,5.397,-0.011489093,6.045312,,1640908800,1577750400,,,641322407,3.61653E+11,,,0.425,,,,,163
1100,Basic Materials,17234,"Wienerberger AG produces and sells bricks, roof tiles, concrete pavers, and pipe systems in Austria and internationally. It operates through Wienerberger Building Solutions, Wienerberger Piping Solutions, and North America segments. The company offers clay blocks that are used for load-bearing exterior and interior walls, as well as for non-load bearing partition walls or infills in reinforced concrete frame construction; and pavements for public areas, landscaping, and garden design. It also provides plastic pipes, pipe systems, and pipe fittings for sewage disposal and rainwater drainage; sanitation and heating technology; and supplying energy, gas, and drinking water. In addition, the company offers concrete and clay pavers for various applications that include public spaces in train stations or airports, and private terraces or gardens. Further, it provides facing bricks and facade tiles under the Argeton brand name for facades that are used for hospitals, schools, factories, and offices; and ceramic pipes, including fittings, shafts, and accessories for municipal and industrial drainage solutions, as well as in residential, commercial, and public buildings. Additionally, the company offers clay roof tiles for use in pitched and flat sloping roofs, as well as for facade design under the Koramic, Sandtoft, and Tondach brands. Wienerberger AG was founded in 1819 and is headquartered in Vienna, Austria.",Vienna,43 1 60 192 0,,Austria,http://www.wienerberger.com,1,Wienerbergerplatz 1,43 1 60192 10159,Building Materials,3.35,3.64,5.015,0.10417911,0.2314,3.64,15300,3.35,3.7217143,0.349,3.64,15300,0.11,1557273600,1.345896,3.37,4,USD,11.776188,8654,2143767680,16385,,3.37,0,0,8654,25.8,2.5857143,1.53,2.41,0,FALSE,0.0335,0,3.64,PNK,WIENERBERGER AG,Wienerberger AG,America/New_York,EDT,FALSE,-14400000,EQUITY,WBRBY,finmb_416194,us_market,,0.07566,,-0.21475059,1.4,572905984,3.8922,,,1577750400,0.00069,,0.3074,-0.011489093,0.9300652,0,1640908800,1577750400,,,565801174,2052860288,,,3.135,,,,,3.64
45262,Industrials,45000,"Cintas Corporation provides corporate identity uniforms and related business services primarily in North America, Latin America, Europe, and Asia. It operates through Uniform Rental and Facility Services and First Aid and Safety Services segments. The company rents and services uniforms and other garments, including flame resistant clothing, mats, mops and shop towels, and other ancillary items; and provides restroom cleaning services and supplies, and carpet and tile cleaning services, as well as sells uniforms. It also offers first aid and safety services, and fire protection products and services. The company offers its products and services through its distribution network and local delivery routes, or local representatives to small service and manufacturing companies, as well as major corporations. Cintas Corporation was founded in 1968 and is based in Cincinnati, Ohio.",Cincinnati,513-459-1200,OH,United States,http://www.cintas.com,1,6800 Cintas Boulevard,,Specialty Business Services,190.64,198.99,255.54884,0.013375997,0.2891,204.735,853471,190.64,209.06085,2.55,198.99,853471,2.55,1573084800,1.290111,196.61,2,USD,23.163149,696412,21242849280,907917,2.9263082,196.61,204.48,800,696412,304.81,26.722513,1,154.33,202.6,FALSE,0.013400001,1200,204.735,NMS,Cintas Corporation,Cintas Corporation,America/New_York,EDT,FALSE,-14400000,EQUITY,CTAS,finmb_260725,us_market,3.311,0.13191,14.639,-0.031361222,7.64,104050000,31.956,1679839,0.0161,1559260800,0.67066,950491008,8.814,-0.011489093,6.388785,0.15582,1622419200,1582934400,1.25,1582848000,87800682,24035350528,952473600,3:02,0.153,1585612800,1.82,0.0189,2392534,198.99
28005,Utilities,1320,"EnagÃ¡s, S.A. engages in the development, operation, and maintenance of gas infrastructures in Spain and internationally. The company provides gas transportation services through primary and secondary transmission pipelines; natural gas regasification services; and operates underground storage facilities. It is also involved in the operation and technical management of the basic network and secondary transportation network for natural gas. In addition, the company engages in the Financial management; Development of industrial projects and activities relating to LNG terminals, and hydrogen production and transport infrastructures; development and implementation of facilities for the supply of natural gas as fuel for vehicles, including its design, construction, and maintenance; and provision of commercial services for the purpose of improving the daily operational management of gas shippers. Further, it is involved in the development and integrated management of energy projects for the production of renewable gases from organic matter; development of projects to promote the role of renewable gases in the energy transition; and production of solar electric energy. The company operates approximately 12,000 kilometers of gas pipelines, 19 compressor stations, and 416 regulation and metering stations. EnagÃ¡s, S.A. was founded in 1972 and is based in Madrid, Spain.",Madrid,34 902 44 37 00,,Spain,http://www.enagas.es,1,"Paseo de los Olmos, 19",,Utilities—Regulated Gas,10.67,10.51,12.083623,0.09568885,0.8722,10.75,35842,10.67,10.614857,1.021,10.51,35842,0.71,1577145600,0.567781,10.459,2,USD,8.80734,11037,5592491520,33635,,10.459,0,0,11037,14.39,,5.7,8.65,0,FALSE,0.0664,0,10.75,PNK,ENAGAS SA,"Enagas, S.A.",America/New_York,EDT,FALSE,-14400000,EQUITY,ENGGY,finmb_5467973,us_market,,0.36650002,,-0.24625266,,522976000,6.2845,,,1577750400,0.00177,,1.199,-0.011489093,1.6803247,0,1640908800,1577750400,,,444168964,5522629120,,,-0.234,,,,,10.51
94111,Real Estate,1712,"Prologis, Inc. is the global leader in logistics real estate with a focus on high-barrier, high-growth markets. As of December 31, 2019, the company owned or had investments in, on a wholly owned basis or through co-investment ventures, properties and development projects expected to total approximately 814 million square feet (76 million square meters) in 19 countries. Prologis leases modern logistics facilities to a diverse base of approximately 5,000 customers principally across two major categories: business-to-business and retail/online fulfillment.",San Francisco,415-394-9000,CA,United States,http://www.prologis.com,1,Pier 1,415-394-9001,REIT—Industrial,88.2,87.15,87.62036,0.02403628,0.8618,90.95,4534928,88.2,79.14314,2.12,87.15,4534928,2.32,1584057600,1.005893,88.24,2,USD,36.61526,3547024,66680700928,5445761,18.885443,88.24,91.99,800,3547024,99.79,52.453487,2.99,59.82,89.44,FALSE,0.026300002,800,90.95,NYQ,"Prologis, Inc.","Prologis, Inc.",America/New_York,EDT,FALSE,-14400000,EQUITY,PLD,finmb_330123,us_market,23.161,0.4455,35.067,0.23707664,1.72,739089984,35.746,7998834,0.0108,1577750400,0.86273,1566950016,2.464,-0.011489093,2.5239189,0.00515,1640908800,1577750400,1.24,1582848000,736460284,81775656960,,,-0.353,1585612800,-9.29,0.012300001,8433271,87.15
48619,Real Estate,15000,"City Developments Limited (CDL) is a leading global real estate operating company with a network spanning 103 locations in 29 countries and regions. Listed on the Singapore Exchange, the Group is one of the largest companies by market capitalisation. Its income-stable and geographically-diverse portfolio comprises residences, offices, hotels, serviced apartments, integrated developments and shopping malls. With a proven track record of over 55 years in real estate development, investment and management, CDL has developed over 43,000 homes and owns over 18 million square feet of lettable floor area globally. Its diversified global land bank offers 4.1 million square feet of developable gross floor area. The Group's London-listed subsidiary, Millennium & Copthorne Hotels plc (M&C), is one of the world's largest hotel chains, with over 135 hotels worldwide, many in key gateway cities. Leveraging its deep expertise in developing and managing a diversified asset base, the Group is focused on enhancing the performance of its portfolio and strengthening its recurring income streams to deliver long-term sustainable value to shareholders. The Group is also developing a fund management business and targets to achieve US$5 billion in Assets Under Management (AUM) by 2023.",Singapore,65 687 78228,,Singapore,http://www.cdl.com.sg,1,9 Raffles Place,65 622 32746,Real Estate—Development,7.63,7.8,10.009444,0.010484927,0.1349,7.89,2839662,7.63,7.938611,0.08,7.8,2839662,0.08,1588550400,1.369604,7.67,2,SGD,13.01855,3116900,7001275392,2863310,2.0419471,7.67,7.72,0,3116900,11.51,12.0625,1,6.11,7.72,FALSE,0.0104,0,7.89,SES,CityDev,City Developments Limited,Asia/Singapore,SGT,FALSE,28800000,EQUITY,C09.SI,finmb_410611,sg_market,4.332,0.16465999,18.518,-0.16630673,0.64,906900992,11.236,,,1577750400,,551672000,0.593,-0.011489093,0.6870772,,1640908800,1577750400,,,395789878,14853599232,,,0.125,,,,,7.8
W1H 7LX,Real Estate,500,"Our portfolio of high quality UK commercial property is focused on London Offices and Retail around the UK. We own or manage a portfolio valued at £15.4bn (British Land share: £11.7bn) as at 30 September 2019 making us one of Europe's largest listed real estate investment companies. Our strategy is to provide places which meet the needs of our customers and respond to changing lifestyles - Places People Prefer. We do this by creating great environments both inside and outside our buildings and use our scale and placemaking skills to enhance and enliven them. This expands their appeal to a broader range of occupiers, creating enduring demand and driving sustainable, long term performance. Our Offices portfolio comprises three office-led campuses in central London as well as high quality standalone buildings and accounts for 55% of our portfolio. Our Retail portfolio is focused on Regional and Local multi-let centres, and accounts for 41% of our portfolio. Increasingly our focus is on providing a mix of uses and this is most evident at Canada Water, our 53 acre redevelopment opportunity where we have plans to create a new neighbourhood for London. Sustainability is embedded throughout our business. Our places, which are designed to meet high sustainability standards, become part of local communities, provide opportunities for skills development and employment and promote wellbeing. In April 2016 British Land received the Queen's Award for Enterprise: Sustainable Development, the UK's highest accolade for business success for economic, social and environmental achievements over a period of five years.",London,44 20 7486 4466,,United Kingdom,http://www.britishland.com,1,York House,44 20 7935 5552,REIT—Retail,375,385.3,538.7778,0.00084,,397,5609579,375,391.96112,0.315,385.3,5609579,,1585180800,1.213373,382,2,GBp,,8933361,3609387264,5720758,5.4032745,382,388.9,0,8933361,649.4,0.109842084,4.7,309.4,388.7,FALSE,,0,397,LSE,BRITISH LAND COMPANY PLC ORD 25,British Land Company Plc,Europe/London,BST,FALSE,3600000,EQUITY,BLND.L,finmb_874902,gb_market,10.768,-0.96856004,23.546,-0.34603757,35.46,926672000,8.421,,,1553990400,,-647000000,-68,-0.011489093,46.253418,,1617148800,1569801600,,,919328239,7193151488,,,,,,,,385.3
8200,Industrials,25541,"Vestas Wind Systems A/S designs, manufactures, installs, and services wind turbines worldwide. The company operates in two segments, Power Solutions and Service. The Power Solutions segment sells wind power plants, wind turbines, etc. The Service segment engages in the sale of service contracts, spare parts, and related activities. The company was founded in 1898 and is headquartered in Aarhus, Denmark.",Aarhus,45 97 30 00 00,,Denmark,http://www.vestas.com,1,Hedeager 42,45 97 30 31 30,Specialty Industrial Machinery,570,588,620.52985,0.002535088,0.2805,593.8,549882,570,580.3472,1.445,588,549882,7.93,1586304000,0.751975,580.2,2,DKK,136.09248,987862,1.14979E+11,947116,,580.2,588.2,0,987862,734.2,20.020407,1.53,473,588.6,FALSE,0.0139,0,593.8,CPH,Vestas Wind Systems A/S,Vestas Wind Systems A/S,Europe/Copenhagen,CEST,FALSE,7200000,EQUITY,VWS.CO,finmb_36246,dk_market,,0.05796,,-0.024527729,29.4,195343008,17.02,,,1577750400,,,4.325,-0.011489093,34.58284,,1640908800,1577750400,,,195174519,1.14979E+11,,,0.292,,,,,588
,Technology,,"LG Electronics Inc. manufactures and sells home appliances and air solutions in South Korea, North America, Asia, Europe, South America, the Middle East, Africa, China, Russia, and internationally. Its home appliance and air solution products include refrigerators, washing machines, residential and commercial air conditioners, microwaves, vacuum cleaners, air purifiers, dehumidifiers, and others. The company also offers home entertainment products comprising TVs, monitors, PCs and accessories, audio and video products, and others. In addition, it provides mobile telecommunications equipment; vehicle components; and information displays, solar panels, and others. Further, the company offers LED products, camera modules, substrates and materials, motors/sensors, and others. Additionally, it is involved in the equipment production activities; wholesale and retail of electronic products; investment activities; and provision of maintenance, marketing, business facility maintenance, and automotive engineering services, as well as in the real estate business. LG Electronics Inc. was founded in 1958 and is based in Seoul, South Korea.",Seoul,82 2 3777 1114,,South Korea,http://www.lg.com,1,LG Twin Tower 128,,Consumer Electronics,53500,54300,68238.13,,4.4379,55900,0,53500,60140,,54300,0,750,1577404800,0.644867,53900,2,KRW,,1395547,9.23715E+12,607559,0.14825417,53900,54400,0,1395547,83400,,0.76,53900,54300,FALSE,0.0138,0,55900,KSC,LGELECTRONICS,LG Electronics Inc.,Asia/Seoul,KST,FALSE,32400000,EQUITY,066570.KS,finmb_877066,kr_market,0.235,0.0005,2.967,-0.19727892,,162884992,,,,1577750400,,27523000320,,-0.011489093,,,1640908800,1577750400,,,77102348,1.46645E+13,,,,,,,,54300
,Consumer Defensive,149867,"The Unilever Group, together with its subsidiaries, operates in the fast-moving consumer goods industry worldwide. It operates through three segments: Beauty & Personal Care, Foods & Refreshment, and Home Care. The Beauty & Personal Care segment offers skin care and hair care products, deodorants, and skin cleansing products under the Axe, Clear, Dove, Lifebuoy, Lux, Pond's, Rexona, Signal, Suave, Sunsilk, TRESemmé, and Vaseline brands. The Foods & Refreshment segment offers soups, bouillons, seasonings, sauces, mayonnaise, ketchup, ice cream, and tea categories. This segment offers its products under the Ben & Jerry's, Breyers, Brooke Bond, Heart (Wall's), Hellmann's, Knorr, Lipton, Magnum, Pukka, Sir Kensington's, and Unilever Food Solutions brands. The Home Care segment offers fabric solutions, home care products, and hygiene products under the Cif, Dirt is Good, Omo, Persil, Domestos, Seventh Generation, and Sunlight brands. The company was founded in 1930 and is headquartered in Rotterdam, the Netherlands.",Rotterdam,31 10 217 4000,,Netherlands,http://www.unilever.com,1,Weena 455,,Household & Personal Products,45.8,47,50.978474,0.035851527,0.7563,47.13,3970655,45.8,45.249443,1.642,47,3970655,1.64,1582156800,0.4462,45.65,2,EUR,21.345793,6927974,1.07648E+11,6111403,2.0709527,45.65,0,0,6927974,57.77,17.705427,2.92,38.42,0,FALSE,0.0358,0,47.13,AMS,UNILEVER,The Unilever Group,Europe/Amsterdam,CEST,FALSE,7200000,EQUITY,UNA.AS,finmb_523191,nl_market,2.752,0.10821,12.853,-0.124904215,2.58,1460710016,5.048,,,1577750400,,5624999936,2.14,-0.011489093,9.049129,,1640908800,1577750400,,,2609100575,1.43036E+11,1148256000,3:01,-0.587,,,,,47
,Healthcare,57071,"MERCK Kommanditgesellschaft auf Aktien operates in the healthcare, life science, and performance materials sectors worldwide. It offers prescription medicines to treat cancer or multiple sclerosis, infertility, growth hormone deficiencies, type 2 diabetes, cardiovascular and thyroid diseases, as well as carcinoma of the head and neck; prescription drugs for allergen immunotherapy; and fertility treatments. The company also provides life science products and services for the research and applied laboratory applications, as well as for formulating, purifying, manufacturing, and quality-assuring drug therapies of chemical and biological origin; and specialty chemicals, such as liquid crystals and OLED materials for use in displays, materials for integrated circuits, effect pigments for coatings and color cosmetics, as well as functional materials for energy solutions. It has strategic alliances with Pfizer Inc. and GlaxoSmithKline plc; agreement with Intrexon Corporation and Avillion LLP; and collaboration with F-star Delta Ltd. The company was founded in 1668 and is headquartered in Darmstadt, Germany. MERCK Kommanditgesellschaft auf Aktien is a subsidiary of E. Merck Kommanditgesellschaft.",Darmstadt,49 6151 72 0,,Germany,http://www.merckgroup.com,1,Frankfurter Strasse 250,,Drug Manufacturers—Specialty & Generic,98.8,101.2,106.40833,0.013157894,0.4209,102.25,429672,98.8,95.94444,1.3,101.2,429672,1.3,1587945600,0.635866,100.1,2,EUR,33.14107,678195,43716927488,766438,2.7065952,100.1,100.7,11200,678195,125.95,,1.24,76.22,100.6,FALSE,0.013200001,6700,102.25,GER,MERCK KGAA O.N.,MERCK Kommanditgesellschaft auf Aktien,Europe/Berlin,CEST,FALSE,7200000,EQUITY,MRK.DE,finmb_596117,de_market,3.476,0.08172,13.23,0.072190285,,129242000,41.09,,,1577750400,0.50687003,1292000000,3.034,-0.011489093,2.4470675,0,1640908800,1577750400,,,129242072,56148914176,1404086400,2:01,-0.87,,,,,101.2
,Consumer Defensive,27279,"Yakult Honsha Co.,Ltd. manufactures and sells food and beverage products, cosmetics, pharmaceuticals, and others. It operates through Food and Beverages (Japan), Food and Beverages (The Americas), Food and Beverages (Asia and Oceania), Food and Beverages (Europe), Pharmaceuticals, and Others segments. The company offers fermented milk drinks, juices, noodles, etc. through its home delivery and retail store channels. It also provides pharmaceutical products, such as Elplat, an antineoplastic drug, as well as generic anti-cancer agents, including Gemcitabine Yakult and Gefitinib Yakult tablets. In addition, the company offers cosmetics; and operates the Tokyo Yakult Swallows, a professional baseball team. Yakult Honsha Co.,Ltd. was founded in 1935 and is headquartered in Tokyo, Japan.",Tokyo,81 3 3574 8960,,Japan,http://www.yakult.co.jp,1,"1-19, Higashi-Shinbashi, 1-chome",,Beverages—Non-Alcoholic,7350,7390,6001.5034,0.006394558,0.20719999,7400,639912,7350,6038.143,47,7390,639912,46,1585526400,0.523404,6970,2,JPY,31.003035,853300,1.12639E+12,754843,2.782134,6970,7040,0,853300,7560,27.327503,0.53,4815,7010,FALSE,0.0063,0,7400,JPX,YAKULT HONSHA CO,"Yakult Honsha Co.,Ltd.",Asia/Tokyo,JST,FALSE,32400000,EQUITY,2267.T,finmb_881065,jp_market,2.736,0.08972,16.404,-0.050000012,257.25,160226000,2303.681,,,1553990400,,36325998592,226.752,-0.011489093,3.051638,,1617148800,1577750400,,,133244074,1.10754E+12,,,0.159,,,,,7390
,Industrials,35691,"Kawasaki Heavy Industries, Ltd. engages in ship and offshore structure, rolling stock, aerospace systems, energy system and plant engineering, motorcycle and engine, and precision machinery and robot businesses worldwide. It is involved in the development, construction, and maintenance of ships, such as submarines and LNG/LPG carriers. The company also manufactures railway cars; provides rolling stock, including electric cars, passenger coaches, freight cars, locomotives, diesel locomotives, and transit systems; develops and manufactures various aircraft for the Japan Ministry of Defense; and manufactures helicopters and payload fairings for rockets, as well as helicopter and jet engines. In addition, the company provides industrial plants to process cement, chemicals, nonferrous metals, and others, as well as environmental protection facilities, including municipal waste incinerators; and manufactures ultra-low temperature tanks for LNG and LPG, as well as shield machines for tunneling in underground construction projects. Further, it supplies industrial machines, including turbines and engines for marine, oil and gas industry, environmental protection, and power generation; and offers products, such as motorcycles, off-road four wheelers, watercrafts JET SKI, and general-purpose gasoline engines. Additionally, the company manufactures hydraulic machinery used in construction and agricultural machinery, industrial machinery, and ships; pumps, motors, valves, and various hydraulic machineries, as well as its assembled hydraulic systems; and manufactures industrial robots in the automotive and electronics industries, for use in welding, assembly, handling, painting, and palletization. Kawasaki Heavy Industries, Ltd. was founded in 1878 and is headquartered in Tokyo, Japan.",Tokyo,81 3 3435 2111,,Japan,http://global.kawasaki.com,1,"14-5, Kaigan 1-chome",,Specialty Industrial Machinery,5.22,5.54,8.050145,0.11302682,0.5648,5.55,5028,5.22,5.8334284,0.59,5.54,5028,0.26,1569542400,1.690577,5.41,2,USD,17.630243,3341,2362729472,3362,,5.41,0,0,3341,9.96,,2.52,4.91,0,FALSE,0.049000002,0,5.55,PNK,KAWASAKI HEAVY INDUSTRIES,"Kawasaki Heavy Industries, Ltd.",America/New_York,EDT,FALSE,-14400000,EQUITY,KWHIY,finmb_409119,us_market,,0.01274,,-0.4126984,,417612000,9.9356,,,1553990400,0.00017,,0.3148,-0.011489093,0.5585974,0,1617148800,1577750400,,,390190031,2179926016,,,-0.433,,,,,5.54
,Utilities,34742,"Iberdrola, S.A. engages in the generation, transmission, distribution and supply of electricity in Spain and internationally. It generates and markets electrical power using renewable sources, such as onshore and offshore wind, hydro, solar thermal, photovoltaic, biomass, etc. It is also involved in the purchase and sale of electricity and gas on wholesale markets; and distribution of gas. Iberdrola, S.A. is based in Bilbao, Spain.",Bilbao,34 944 15 14 11,,Spain,http://www.iberdrola.com,1,Plaza Euskadi 5,,Utilities—Diversified,39.1,39.28,41.320362,0.010000001,0.6455,39.56,65028,39.1,40.692287,0.391,39.28,65028,1.62,1578528000,0.440121,38.83,2,USD,19.382353,63731,62414684160,89614,,38.83,0,0,63731,51,,3.6,34.68,0,FALSE,0.041500002,0,39.56,PNK,IBERDROLA SA,"Iberdrola, S.A.",America/New_York,EDT,FALSE,-14400000,EQUITY,IBDRY,finmb_517300,us_market,,0.09348,,0.13392603,,1591539968,27.668,,,1577750400,0.00234,,2.04,-0.011489093,1.4290879,0,1640908800,1577750400,,,1465684359,63552794624,1325030400,33:32:00,-0.036,,,,,39.28
